blocker,patients,mean_overall_rank,median_overall_rank,mean_MCDA,top10_count,top25p_count,priority_score,priority_per_patient
No Blocker,98,145.20408163265307,145.5,0.3835042018356962,6,23,2.7813477641911546,0.02838109963460362
,100,164.99,167.5,0.3335997181844727,0,24,1.055331367793851,0.010553313677938509
Staff Availability,42,151.54761904761904,137.5,0.3673069331083311,1,9,0.8439873369924936,0.02009493659505937
Theatre slot availability,22,128.54545454545453,121.0,0.41333737821181377,1,7,0.8018831889336173,0.03644923586061897
Awaiting Social Care,15,170.6,196.0,0.33625788320037814,1,3,0.26567653795675705,0.017711769197117137
Bed Availability,4,100.25,88.5,0.4922570005218813,1,2,0.22939089447763966,0.057347723619409915
Radiology Capacity,10,104.4,115.0,0.4574911403712085,0,4,0.20344865834712939,0.020344865834712938
Awaiting Test Results,9,136.0,93.0,0.3886026480611091,0,3,0.10159813160686113,0.011288681289651235
